               epoch,      train/box_loss,      train/obj_loss,      train/cls_loss,   metrics/precision,      metrics/recall,     metrics/mAP_0.5,metrics/mAP_0.5:0.95,        val/box_loss,        val/obj_loss,        val/cls_loss,               x/lr0,               x/lr1,               x/lr2
                   0,            0.088843,            0.040604,            0.032047,             0.50221,             0.24618,             0.15834,            0.062523,            0.063523,            0.022523,            0.021776,           0.0032889,           0.0032889,              0.0704
                   1,            0.069672,            0.027123,            0.018037,             0.20516,             0.50262,             0.27634,             0.12384,            0.060443,            0.016903,            0.018752,           0.0066113,           0.0066113,            0.040389
                   2,            0.062529,            0.025509,            0.014663,             0.45464,             0.55371,             0.51231,             0.23182,             0.05675,            0.016357,            0.017384,           0.0099227,           0.0099227,            0.010367
                   3,            0.055946,            0.025235,            0.011838,             0.37665,              0.6894,             0.51892,              0.2654,            0.044558,            0.017417,             0.01635,           0.0099505,           0.0099505,           0.0099505
                   4,            0.046154,            0.023167,            0.010076,             0.52982,             0.56858,             0.60308,             0.29471,            0.040361,            0.015985,             0.01425,           0.0099505,           0.0099505,           0.0099505
                   5,            0.040867,            0.023736,           0.0090649,             0.61963,              0.6618,             0.66008,             0.35557,            0.042151,            0.016219,            0.014462,            0.009934,            0.009934,            0.009934
                   6,            0.040146,             0.02311,            0.008451,             0.62407,             0.61028,             0.64868,             0.33643,            0.038139,            0.016208,            0.012125,           0.0099175,           0.0099175,           0.0099175
                   7,            0.037537,             0.02315,           0.0083908,             0.65711,             0.57846,             0.61234,             0.31482,            0.039301,            0.015841,             0.01362,            0.009901,            0.009901,            0.009901
                   8,            0.035198,            0.022785,           0.0075026,             0.73504,             0.54972,             0.64417,             0.33802,            0.037299,            0.015608,            0.013636,           0.0098845,           0.0098845,           0.0098845
                   9,            0.035373,            0.022162,            0.006878,              0.6799,             0.60893,             0.63659,             0.36687,            0.038434,            0.015663,            0.014249,            0.009868,            0.009868,            0.009868
                  10,            0.035955,            0.021517,            0.006544,             0.69387,             0.56203,             0.65247,             0.33121,            0.039324,            0.015411,            0.011582,           0.0098515,           0.0098515,           0.0098515
                  11,             0.03437,            0.022241,           0.0070511,             0.87917,             0.56857,             0.68132,              0.3874,            0.037247,            0.015098,            0.012996,            0.009835,            0.009835,            0.009835
                  12,            0.033712,            0.021991,           0.0062644,             0.75725,              0.5969,             0.69229,              0.3999,            0.033773,            0.014656,            0.011488,           0.0098185,           0.0098185,           0.0098185
                  13,            0.031985,            0.021842,           0.0060272,              0.7965,               0.525,             0.67748,              0.4202,             0.03665,            0.015128,            0.013099,            0.009802,            0.009802,            0.009802
                  14,             0.03156,             0.02084,           0.0056193,             0.58937,             0.68767,             0.67724,             0.42664,            0.033325,             0.01503,            0.012953,           0.0097855,           0.0097855,           0.0097855
                  15,            0.031027,            0.021262,           0.0050668,              0.7043,             0.66429,             0.71098,              0.4469,            0.035005,            0.015127,            0.011006,            0.009769,            0.009769,            0.009769
                  16,            0.030657,            0.021002,           0.0053262,             0.64783,               0.708,             0.70801,             0.45189,             0.03384,            0.015857,            0.013065,           0.0097525,           0.0097525,           0.0097525
                  17,            0.030226,            0.020865,           0.0050623,             0.69572,             0.66521,             0.72542,             0.45422,            0.033471,            0.014423,            0.010927,            0.009736,            0.009736,            0.009736
                  18,            0.031169,            0.020562,            0.005088,             0.74582,             0.68118,             0.73481,             0.44444,            0.034219,            0.014802,             0.01158,           0.0097195,           0.0097195,           0.0097195
                  19,            0.029542,             0.02113,           0.0047042,             0.67283,             0.61626,             0.66735,             0.42733,            0.034419,            0.015082,            0.012023,            0.009703,            0.009703,            0.009703
                  20,            0.030509,            0.019806,           0.0047026,               0.808,              0.6487,              0.7377,             0.47403,            0.034166,            0.015207,            0.010932,           0.0096865,           0.0096865,           0.0096865
                  21,            0.031441,            0.020077,           0.0044723,             0.66087,             0.66715,             0.69858,             0.44336,              0.0342,            0.015368,             0.01285,             0.00967,             0.00967,             0.00967
                  22,            0.029509,            0.020157,           0.0042765,             0.73816,             0.66226,             0.72388,             0.47362,            0.032894,            0.015041,            0.012472,           0.0096535,           0.0096535,           0.0096535
                  23,            0.029518,            0.020823,           0.0038841,             0.71646,             0.67202,             0.72396,             0.44275,            0.033103,            0.014803,           0.0091154,            0.009637,            0.009637,            0.009637
                  24,             0.02925,            0.019408,           0.0040796,             0.68969,             0.62751,             0.68894,             0.44099,            0.033809,              0.0145,            0.014098,           0.0096205,           0.0096205,           0.0096205
                  25,            0.028918,            0.020093,           0.0043631,             0.71564,             0.67878,             0.70752,             0.45419,            0.034719,            0.014553,            0.013687,            0.009604,            0.009604,            0.009604
                  26,            0.028788,             0.01991,            0.004495,             0.71624,             0.57806,             0.67796,             0.38802,             0.03477,            0.015152,            0.016027,           0.0095875,           0.0095875,           0.0095875
                  27,            0.027524,            0.020261,           0.0039686,             0.60318,             0.67913,             0.67502,             0.42127,            0.034432,            0.014336,            0.011652,            0.009571,            0.009571,            0.009571
                  28,            0.028215,            0.019303,           0.0038797,             0.63205,             0.74254,             0.72453,              0.4594,            0.031588,            0.014678,            0.012231,           0.0095545,           0.0095545,           0.0095545
                  29,            0.028154,             0.01945,           0.0039904,             0.65798,             0.63474,             0.70062,             0.43746,            0.034589,            0.014792,            0.010659,            0.009538,            0.009538,            0.009538
                  30,            0.027431,            0.019149,           0.0037541,             0.74559,             0.59775,             0.67293,             0.42757,            0.032075,            0.014176,           0.0099807,           0.0095215,           0.0095215,           0.0095215
                  31,            0.027249,            0.019033,           0.0039387,             0.62916,             0.70322,             0.67997,             0.43193,             0.03265,            0.014489,             0.01193,            0.009505,            0.009505,            0.009505
                  32,            0.026961,            0.018371,           0.0036301,             0.71863,             0.62211,             0.68744,             0.44522,            0.031889,             0.01505,             0.01159,           0.0094885,           0.0094885,           0.0094885
                  33,            0.026276,            0.018681,           0.0036479,             0.69712,             0.66851,             0.70429,             0.43759,            0.031395,            0.015208,             0.01139,            0.009472,            0.009472,            0.009472
                  34,            0.026896,             0.01872,           0.0031258,             0.72813,             0.68591,              0.7364,             0.47826,            0.031672,            0.014166,           0.0091161,           0.0094555,           0.0094555,           0.0094555
                  35,            0.027044,            0.019021,           0.0034717,              0.7148,             0.61047,              0.7144,             0.46192,            0.033846,            0.014587,           0.0085099,            0.009439,            0.009439,            0.009439
                  36,            0.026066,            0.018996,           0.0033959,              0.7465,             0.72842,             0.73159,             0.48475,            0.032097,            0.013998,           0.0084726,           0.0094225,           0.0094225,           0.0094225
                  37,            0.026252,             0.01828,           0.0033493,             0.65298,             0.72025,             0.75631,             0.51762,            0.031135,              0.0145,            0.011636,            0.009406,            0.009406,            0.009406
                  38,            0.026014,            0.017951,           0.0032233,             0.88007,             0.57468,             0.71776,             0.45574,            0.031367,            0.015212,            0.011036,           0.0093895,           0.0093895,           0.0093895
                  39,            0.025356,            0.018078,            0.003161,              0.7461,              0.6331,             0.71045,             0.44879,            0.030249,            0.015074,           0.0074637,            0.009373,            0.009373,            0.009373
                  40,            0.026109,            0.018346,           0.0029939,             0.73742,             0.76533,             0.76669,             0.48786,            0.031393,            0.014895,            0.009262,           0.0093565,           0.0093565,           0.0093565
                  41,            0.026368,            0.018586,           0.0029879,             0.68192,             0.69064,             0.71351,             0.48425,            0.031553,            0.014933,           0.0078025,             0.00934,             0.00934,             0.00934
                  42,            0.025875,            0.018469,           0.0034086,             0.80757,             0.65391,              0.7068,             0.47942,            0.030722,             0.01523,            0.012368,           0.0093235,           0.0093235,           0.0093235
                  43,            0.025181,            0.018086,           0.0031543,             0.81707,             0.66346,             0.69983,             0.48995,            0.031212,            0.015546,             0.01005,            0.009307,            0.009307,            0.009307
                  44,            0.025839,            0.018267,           0.0026166,             0.76357,             0.67124,             0.74607,             0.51264,             0.03074,             0.01395,            0.011457,           0.0092905,           0.0092905,           0.0092905
                  45,            0.025405,            0.018167,           0.0032019,             0.65682,             0.67269,             0.69777,              0.4592,            0.031482,            0.015001,            0.014432,            0.009274,            0.009274,            0.009274
                  46,            0.025217,            0.017998,           0.0031121,              0.7872,             0.70823,              0.7524,             0.51339,            0.032232,            0.014472,            0.009113,           0.0092575,           0.0092575,           0.0092575
                  47,            0.025382,            0.017665,           0.0030799,             0.74803,             0.71201,              0.7367,             0.49633,            0.032484,            0.014567,             0.01679,            0.009241,            0.009241,            0.009241
                  48,            0.025147,            0.018818,           0.0027665,             0.73061,             0.70489,             0.73658,             0.47104,            0.030609,            0.014486,            0.011874,           0.0092245,           0.0092245,           0.0092245
                  49,            0.025223,            0.018222,           0.0025291,             0.76266,             0.61939,             0.69801,             0.43559,             0.03227,            0.014585,            0.013755,            0.009208,            0.009208,            0.009208
                  50,            0.023956,            0.017585,            0.002953,             0.74877,             0.66395,             0.71923,             0.48356,            0.031207,            0.015258,             0.01278,           0.0091915,           0.0091915,           0.0091915
                  51,            0.025076,            0.017706,           0.0028979,             0.66224,             0.72077,             0.73253,             0.50651,            0.030831,            0.015479,           0.0083595,            0.009175,            0.009175,            0.009175
                  52,            0.024371,            0.017482,           0.0027796,             0.80538,             0.60515,             0.70333,             0.49486,            0.030948,             0.01509,           0.0090441,           0.0091585,           0.0091585,           0.0091585
                  53,            0.024247,            0.017158,           0.0023015,             0.78374,             0.61383,             0.70732,             0.45889,            0.031601,            0.014541,            0.013531,            0.009142,            0.009142,            0.009142
                  54,            0.024815,            0.017125,           0.0023897,             0.81911,             0.67119,             0.74109,              0.4841,            0.030629,            0.014896,           0.0083523,           0.0091255,           0.0091255,           0.0091255
                  55,            0.023862,            0.017153,           0.0023884,             0.72244,             0.68526,             0.73208,             0.45602,            0.031802,            0.014548,           0.0090325,            0.009109,            0.009109,            0.009109
                  56,            0.024063,            0.017679,           0.0025026,              0.6991,             0.69392,             0.67901,             0.46215,            0.031915,            0.015479,            0.012395,           0.0090925,           0.0090925,           0.0090925
                  57,            0.024762,            0.017653,            0.002815,             0.79735,             0.67076,             0.73477,             0.48863,            0.031986,            0.014503,            0.014028,            0.009076,            0.009076,            0.009076
                  58,            0.023802,            0.017318,           0.0024663,             0.68426,             0.71171,             0.72203,             0.48779,            0.030332,            0.014961,           0.0095447,           0.0090595,           0.0090595,           0.0090595
                  59,             0.02401,             0.01721,           0.0025372,             0.74213,             0.68501,             0.73463,             0.46144,            0.031473,            0.015457,           0.0085642,            0.009043,            0.009043,            0.009043
                  60,             0.02362,            0.016509,           0.0023967,             0.76242,             0.70041,             0.75813,             0.49915,            0.031182,            0.014534,           0.0059606,           0.0090265,           0.0090265,           0.0090265
                  61,            0.023613,            0.016886,            0.002524,             0.67302,             0.71271,             0.71291,             0.45553,            0.030999,            0.015154,           0.0093067,             0.00901,             0.00901,             0.00901
                  62,             0.02318,            0.017291,           0.0021792,             0.72518,             0.71884,             0.75085,             0.49207,             0.03055,            0.014754,           0.0099354,           0.0089935,           0.0089935,           0.0089935
                  63,            0.023565,            0.016537,           0.0024652,             0.76547,             0.68791,              0.7052,             0.44847,            0.032508,            0.015139,            0.010286,            0.008977,            0.008977,            0.008977
                  64,            0.023503,            0.016577,           0.0022786,             0.78427,             0.58685,             0.68233,             0.48499,            0.031848,            0.015605,           0.0088411,           0.0089605,           0.0089605,           0.0089605
                  65,            0.023859,            0.017321,           0.0022278,             0.82814,             0.59076,             0.66437,             0.45816,            0.031404,            0.015303,             0.01041,            0.008944,            0.008944,            0.008944
                  66,            0.023214,            0.016763,           0.0022776,             0.77872,             0.63307,             0.71164,             0.49158,            0.030397,            0.014678,            0.011126,           0.0089275,           0.0089275,           0.0089275
                  67,            0.022889,            0.016597,           0.0021663,             0.76108,              0.6869,             0.73573,             0.48954,            0.031696,            0.014758,            0.010156,            0.008911,            0.008911,            0.008911
                  68,            0.022675,            0.016754,           0.0025042,             0.80965,             0.65715,             0.75224,             0.51168,             0.03059,            0.015134,            0.012222,           0.0088945,           0.0088945,           0.0088945
                  69,            0.022987,            0.016868,           0.0020514,             0.82061,             0.67513,             0.77373,             0.52804,            0.031789,            0.014796,            0.008757,            0.008878,            0.008878,            0.008878
                  70,            0.023246,            0.016763,            0.002066,              0.7676,             0.67885,             0.72721,             0.48078,            0.031992,             0.01438,           0.0087833,           0.0088615,           0.0088615,           0.0088615
                  71,            0.022974,            0.016379,           0.0020594,             0.74039,             0.71726,             0.72761,             0.49663,            0.032505,            0.015635,            0.010671,            0.008845,            0.008845,            0.008845
                  72,             0.02314,            0.016877,           0.0021636,             0.67624,             0.77239,             0.73667,             0.52221,            0.033033,            0.015271,            0.012518,           0.0088285,           0.0088285,           0.0088285
                  73,             0.02322,            0.016815,           0.0019692,             0.77237,             0.69714,             0.75473,             0.50044,            0.033114,            0.014515,             0.01039,            0.008812,            0.008812,            0.008812
                  74,            0.022287,            0.016625,           0.0022319,             0.83362,             0.65384,             0.72817,             0.50651,            0.032168,            0.015059,             0.01208,           0.0087955,           0.0087955,           0.0087955
                  75,            0.022537,            0.016503,           0.0020107,              0.7101,             0.73547,              0.7433,             0.51029,            0.031474,            0.015441,           0.0095955,            0.008779,            0.008779,            0.008779
                  76,            0.022433,            0.016368,           0.0022397,             0.68131,             0.69671,             0.72136,             0.50269,            0.032135,            0.014462,             0.01312,           0.0087625,           0.0087625,           0.0087625
                  77,            0.022578,            0.016036,           0.0020629,             0.73454,             0.71069,             0.73558,             0.49636,            0.031545,             0.01513,            0.011924,            0.008746,            0.008746,            0.008746
                  78,             0.02237,            0.016408,           0.0021246,             0.63682,             0.77245,             0.72644,             0.49018,            0.031605,            0.014986,            0.010904,           0.0087295,           0.0087295,           0.0087295
                  79,            0.022293,            0.016483,           0.0020101,             0.77622,             0.65901,             0.72115,             0.46189,            0.032009,            0.015131,            0.010291,            0.008713,            0.008713,            0.008713
                  80,             0.02247,            0.016369,            0.002079,             0.70985,             0.63003,             0.67269,             0.45446,            0.032526,            0.016111,            0.011054,           0.0086965,           0.0086965,           0.0086965
                  81,            0.021623,            0.016172,           0.0023231,             0.70915,             0.66053,             0.71876,             0.49644,            0.031624,            0.015262,            0.011071,             0.00868,             0.00868,             0.00868
                  82,            0.022278,             0.01614,           0.0020891,             0.73903,             0.69324,             0.70972,             0.48501,               0.033,            0.015423,            0.011919,           0.0086635,           0.0086635,           0.0086635
                  83,            0.021675,            0.016057,           0.0020048,             0.69024,             0.69715,             0.71518,             0.47999,            0.032852,            0.014937,            0.014621,            0.008647,            0.008647,            0.008647
                  84,             0.02222,            0.016163,           0.0020391,             0.79829,             0.66378,             0.72953,             0.48648,            0.032198,            0.015507,            0.014397,           0.0086305,           0.0086305,           0.0086305
                  85,            0.021824,            0.016746,           0.0021337,             0.80701,              0.7243,             0.73853,             0.49777,            0.031536,              0.0149,            0.014518,            0.008614,            0.008614,            0.008614
                  86,             0.02184,            0.015999,           0.0022724,              0.8213,              0.6314,             0.70029,             0.48438,            0.032825,            0.015641,            0.013037,           0.0085975,           0.0085975,           0.0085975
                  87,            0.021778,            0.015894,           0.0017605,             0.74932,             0.72068,             0.73695,             0.50027,            0.032839,            0.015262,            0.010622,            0.008581,            0.008581,            0.008581
                  88,            0.021369,            0.015527,           0.0018405,             0.70874,             0.73341,             0.73188,             0.50448,            0.031245,            0.014736,           0.0099846,           0.0085645,           0.0085645,           0.0085645
                  89,            0.021472,            0.016101,           0.0020663,             0.74856,             0.73847,             0.72845,             0.49255,            0.032151,            0.015339,            0.015132,            0.008548,            0.008548,            0.008548
                  90,            0.021735,             0.01566,           0.0019504,             0.79975,             0.63599,              0.6971,             0.47069,            0.031934,            0.015868,            0.013515,           0.0085315,           0.0085315,           0.0085315
                  91,            0.021334,            0.015414,           0.0017641,              0.7453,             0.71077,             0.72612,             0.49745,            0.031654,            0.015533,            0.013957,            0.008515,            0.008515,            0.008515
                  92,            0.021172,            0.015915,           0.0018777,             0.74095,             0.66592,             0.69389,             0.48329,            0.032243,            0.015382,            0.011447,           0.0084985,           0.0084985,           0.0084985
                  93,            0.021541,            0.015909,           0.0019037,             0.68901,             0.67671,              0.7133,             0.47375,            0.032315,            0.015147,            0.015467,            0.008482,            0.008482,            0.008482
                  94,            0.021004,            0.016048,           0.0018015,             0.80324,             0.59323,              0.6936,             0.48445,            0.032634,            0.016168,            0.011295,           0.0084655,           0.0084655,           0.0084655
                  95,             0.02129,            0.015991,           0.0017645,             0.82235,             0.62436,             0.69864,              0.4894,            0.032494,            0.015849,            0.011014,            0.008449,            0.008449,            0.008449
                  96,            0.021335,              0.0154,            0.001776,             0.73515,             0.72736,             0.72543,             0.51636,            0.031394,            0.015704,            0.013934,           0.0084325,           0.0084325,           0.0084325
                  97,            0.020979,             0.01527,           0.0017445,             0.64807,             0.71404,             0.67175,             0.49699,            0.031152,             0.01488,            0.016156,            0.008416,            0.008416,            0.008416
                  98,            0.020956,            0.015649,           0.0017141,             0.74677,             0.70189,             0.71905,             0.48099,              0.0309,             0.01532,             0.01377,           0.0083995,           0.0083995,           0.0083995
                  99,             0.02101,            0.015709,           0.0018369,             0.72645,             0.70514,             0.71467,             0.49021,            0.032961,            0.015065,            0.016856,            0.008383,            0.008383,            0.008383
                 100,            0.021681,            0.015603,           0.0017649,              0.7153,             0.71393,             0.71383,             0.50127,            0.032925,            0.015802,            0.014371,           0.0083665,           0.0083665,           0.0083665
                 101,             0.02161,            0.015501,           0.0016959,              0.8444,             0.64235,             0.72292,             0.47511,            0.032868,            0.015672,            0.015643,             0.00835,             0.00835,             0.00835
                 102,            0.021053,            0.015682,           0.0018199,             0.74463,             0.75362,             0.76471,             0.53077,            0.031867,             0.01532,            0.011708,           0.0083335,           0.0083335,           0.0083335
                 103,            0.020846,            0.015011,           0.0017268,             0.70437,             0.72341,             0.74538,             0.50767,            0.031588,            0.016023,            0.011127,            0.008317,            0.008317,            0.008317
                 104,            0.021005,            0.015569,           0.0019211,             0.72798,              0.6879,             0.70699,             0.48989,            0.031478,            0.015112,            0.012437,           0.0083005,           0.0083005,           0.0083005
                 105,            0.021174,            0.014865,           0.0017689,             0.78754,             0.68277,             0.73378,             0.48736,            0.032263,            0.015722,            0.012742,            0.008284,            0.008284,            0.008284
                 106,            0.021483,             0.01504,           0.0017115,             0.72681,             0.71164,             0.70226,               0.506,            0.032749,             0.01613,            0.013626,           0.0082675,           0.0082675,           0.0082675
                 107,            0.020989,             0.01561,           0.0017215,             0.76761,             0.67145,             0.70421,              0.4894,            0.032475,            0.015812,            0.015257,            0.008251,            0.008251,            0.008251
                 108,            0.021021,            0.015614,           0.0018846,             0.70793,             0.69592,             0.68908,              0.4698,            0.032713,            0.015249,            0.018956,           0.0082345,           0.0082345,           0.0082345
                 109,            0.020807,             0.01536,           0.0015989,             0.75327,             0.69805,             0.69644,             0.48915,            0.032915,            0.016345,             0.01391,            0.008218,            0.008218,            0.008218
                 110,            0.020826,            0.014778,           0.0014304,              0.7961,             0.67128,             0.72427,              0.5048,            0.032576,            0.016295,            0.016046,           0.0082015,           0.0082015,           0.0082015
                 111,            0.020408,            0.014975,           0.0017089,              0.7822,             0.67607,             0.69539,             0.46286,             0.03269,            0.015936,            0.015435,            0.008185,            0.008185,            0.008185
                 112,            0.020437,            0.015071,            0.001706,             0.69399,             0.69728,             0.72613,             0.52602,            0.032964,            0.015216,            0.015141,           0.0081685,           0.0081685,           0.0081685
                 113,             0.02006,            0.014825,            0.001521,             0.69985,             0.67859,             0.71432,             0.48869,            0.033782,            0.016004,             0.01281,            0.008152,            0.008152,            0.008152
                 114,            0.020216,             0.01502,           0.0015007,             0.72796,             0.68376,              0.7177,             0.47762,            0.032976,            0.015943,            0.015042,           0.0081355,           0.0081355,           0.0081355
                 115,            0.020041,            0.015201,           0.0016027,              0.7359,             0.68812,             0.72735,             0.49904,            0.032206,            0.015883,             0.01468,            0.008119,            0.008119,            0.008119
                 116,            0.020629,            0.015468,           0.0015203,              0.6903,             0.71001,             0.70927,             0.49275,            0.031687,            0.016012,             0.01638,           0.0081025,           0.0081025,           0.0081025
                 117,            0.020411,             0.01457,           0.0018528,             0.77862,             0.66498,             0.69018,             0.47684,            0.032512,            0.016107,            0.017477,            0.008086,            0.008086,            0.008086
                 118,            0.020397,            0.015078,            0.001661,             0.68379,             0.66176,              0.7019,             0.50055,            0.031565,             0.01632,            0.016236,           0.0080695,           0.0080695,           0.0080695
                 119,            0.019943,            0.014528,           0.0016438,             0.67564,             0.74414,             0.70135,             0.47667,            0.032326,            0.015454,            0.014349,            0.008053,            0.008053,            0.008053
                 120,            0.020124,             0.01496,           0.0015582,             0.73623,             0.70008,              0.6878,             0.48399,            0.032865,            0.015851,            0.011022,           0.0080365,           0.0080365,           0.0080365
                 121,             0.02046,            0.015253,           0.0016961,             0.68565,             0.70209,             0.71531,             0.49757,            0.030893,            0.015194,            0.014665,             0.00802,             0.00802,             0.00802
                 122,            0.020399,            0.014811,            0.001447,             0.73672,              0.6533,             0.69329,             0.48533,            0.031206,            0.015561,            0.014501,           0.0080035,           0.0080035,           0.0080035
                 123,            0.020357,              0.0147,           0.0017095,             0.65329,             0.63701,             0.67253,             0.46837,            0.030756,            0.015628,             0.01159,            0.007987,            0.007987,            0.007987
                 124,            0.019843,            0.015402,           0.0015373,             0.64949,             0.75564,             0.68345,             0.47947,            0.032002,            0.015596,            0.012066,           0.0079705,           0.0079705,           0.0079705
                 125,            0.020238,            0.014968,           0.0015214,             0.70112,             0.72897,             0.72837,             0.48185,            0.032839,            0.016122,            0.014248,            0.007954,            0.007954,            0.007954
                 126,            0.020181,            0.015169,           0.0017971,             0.70735,             0.69117,             0.72391,             0.48679,            0.032426,            0.016386,            0.012051,           0.0079375,           0.0079375,           0.0079375
                 127,            0.019136,            0.014275,           0.0014984,             0.68063,             0.72991,             0.69278,              0.4677,             0.03257,            0.016166,            0.014067,            0.007921,            0.007921,            0.007921
                 128,            0.020548,            0.015074,           0.0016415,             0.76752,             0.62202,             0.68582,             0.46094,            0.032136,            0.016424,            0.013937,           0.0079045,           0.0079045,           0.0079045
                 129,            0.019874,            0.015358,           0.0014635,             0.70377,             0.64207,             0.67452,             0.46054,            0.033223,            0.016151,            0.012153,            0.007888,            0.007888,            0.007888
                 130,             0.01968,            0.014702,           0.0014106,             0.64098,             0.67703,              0.6857,             0.48279,             0.03278,            0.015431,            0.011162,           0.0078715,           0.0078715,           0.0078715
                 131,            0.020245,            0.014488,           0.0014677,             0.82395,             0.60098,             0.69505,             0.47475,            0.031934,            0.016571,            0.012962,            0.007855,            0.007855,            0.007855
                 132,            0.019615,            0.014958,           0.0015992,             0.72196,             0.63841,             0.68418,              0.4757,            0.031933,            0.016054,            0.014324,           0.0078385,           0.0078385,           0.0078385
                 133,            0.020159,            0.014839,           0.0015202,              0.7147,             0.69027,             0.68713,             0.50055,            0.031094,            0.016029,            0.012806,            0.007822,            0.007822,            0.007822
                 134,            0.019552,            0.014789,           0.0014496,             0.82553,             0.58475,             0.67102,             0.50708,            0.031332,            0.016199,            0.011195,           0.0078055,           0.0078055,           0.0078055
                 135,            0.019725,            0.014744,            0.001401,             0.69142,             0.63634,             0.65155,             0.47214,            0.031502,            0.017207,            0.012838,            0.007789,            0.007789,            0.007789
                 136,            0.019776,             0.01471,            0.001309,             0.74284,             0.64123,             0.70118,             0.48654,            0.031382,             0.01662,            0.013241,           0.0077725,           0.0077725,           0.0077725
                 137,            0.020262,             0.01449,           0.0014193,             0.76446,             0.68585,             0.72295,             0.49148,            0.031667,            0.015598,            0.014316,            0.007756,            0.007756,            0.007756
                 138,            0.019565,            0.014253,           0.0017215,             0.65062,             0.70063,             0.69094,             0.48442,            0.031078,            0.015694,             0.01491,           0.0077395,           0.0077395,           0.0077395
                 139,            0.019611,            0.014642,           0.0016478,             0.73048,             0.71345,              0.7183,             0.49034,            0.031582,            0.015816,            0.012863,            0.007723,            0.007723,            0.007723
                 140,            0.019947,            0.014666,           0.0014739,             0.67408,             0.67245,             0.69657,             0.47704,            0.031463,            0.016023,            0.012059,           0.0077065,           0.0077065,           0.0077065
                 141,             0.01952,            0.014599,           0.0014012,              0.7497,             0.67197,             0.70599,             0.47894,            0.032281,            0.016091,            0.014858,             0.00769,             0.00769,             0.00769
                 142,            0.019439,            0.014437,           0.0014517,             0.78093,             0.63741,             0.71249,             0.49813,            0.032083,            0.016094,             0.01616,           0.0076735,           0.0076735,           0.0076735
                 143,            0.019395,            0.013788,           0.0015139,             0.73802,             0.67506,              0.7054,             0.48905,            0.031931,            0.015741,            0.017022,            0.007657,            0.007657,            0.007657
                 144,            0.019586,            0.014391,            0.001381,             0.82235,             0.64922,             0.73297,             0.49459,            0.031088,            0.015649,            0.012361,           0.0076405,           0.0076405,           0.0076405
                 145,            0.019264,            0.014128,            0.001313,             0.78154,             0.64847,             0.71331,             0.47576,            0.032962,            0.016635,            0.015059,            0.007624,            0.007624,            0.007624
                 146,            0.018752,            0.014281,           0.0012827,              0.7607,             0.64277,             0.69984,             0.47831,            0.031566,            0.016699,             0.01575,           0.0076075,           0.0076075,           0.0076075
                 147,            0.019006,            0.014051,           0.0013155,             0.73254,              0.6896,             0.71185,             0.46958,            0.030374,            0.016344,             0.01014,            0.007591,            0.007591,            0.007591
                 148,            0.018859,            0.014351,           0.0013994,             0.82891,             0.67215,             0.72353,              0.4911,            0.031031,            0.016485,            0.012582,           0.0075745,           0.0075745,           0.0075745
                 149,             0.01957,             0.01453,           0.0012837,             0.81139,             0.65801,             0.71038,             0.49089,            0.031016,            0.016308,            0.013512,            0.007558,            0.007558,            0.007558
                 150,            0.019431,            0.014288,            0.001273,             0.79096,             0.67436,             0.72689,             0.49214,            0.031073,            0.016045,            0.014188,           0.0075415,           0.0075415,           0.0075415
                 151,            0.018731,            0.014069,           0.0014889,             0.75754,             0.66378,             0.74037,             0.48142,            0.032536,            0.016493,            0.014504,            0.007525,            0.007525,            0.007525
                 152,            0.018978,            0.014306,           0.0012873,             0.79747,             0.69908,             0.74331,             0.48192,            0.030794,            0.016071,            0.013428,           0.0075085,           0.0075085,           0.0075085
                 153,            0.019105,            0.014249,           0.0012425,             0.77306,             0.67183,             0.69741,             0.47751,            0.032209,            0.015656,            0.011778,            0.007492,            0.007492,            0.007492
                 154,            0.018798,            0.014403,           0.0014225,             0.73003,             0.70634,             0.67958,             0.47481,            0.030921,            0.016119,            0.015674,           0.0074755,           0.0074755,           0.0074755
                 155,            0.018823,            0.014166,           0.0014656,             0.70979,             0.67803,             0.69707,             0.46653,            0.031465,            0.016579,            0.013734,            0.007459,            0.007459,            0.007459
                 156,            0.019367,            0.014336,           0.0013367,              0.7181,             0.62953,              0.6806,             0.48326,            0.031469,            0.016722,            0.014269,           0.0074425,           0.0074425,           0.0074425
                 157,            0.019064,            0.014355,           0.0014622,              0.6244,             0.73348,             0.68211,              0.4725,            0.031284,            0.016427,            0.013326,            0.007426,            0.007426,            0.007426
                 158,            0.018737,            0.014109,           0.0013569,              0.7931,              0.6327,             0.70028,               0.487,            0.031341,             0.01692,            0.013275,           0.0074095,           0.0074095,           0.0074095
                 159,            0.019053,            0.014065,           0.0015927,             0.74824,             0.66342,             0.71984,             0.50881,            0.031686,            0.015872,            0.013293,            0.007393,            0.007393,            0.007393
                 160,            0.019016,            0.013757,           0.0015004,             0.73682,             0.64165,             0.70042,             0.50091,            0.031634,            0.016012,            0.018585,           0.0073765,           0.0073765,           0.0073765
                 161,            0.019088,            0.013869,           0.0012939,             0.68747,             0.67935,             0.66042,             0.45101,            0.032095,            0.016803,            0.016971,             0.00736,             0.00736,             0.00736
                 162,            0.018956,            0.014141,           0.0013442,             0.72551,             0.71219,             0.71307,             0.48694,            0.031526,            0.016577,            0.017469,           0.0073435,           0.0073435,           0.0073435
                 163,            0.018899,            0.014273,           0.0013827,             0.74882,             0.71646,             0.73124,             0.48999,            0.031051,            0.016348,            0.016882,            0.007327,            0.007327,            0.007327
                 164,            0.018355,            0.014109,           0.0012298,             0.72727,             0.69592,             0.70347,              0.4662,            0.031359,            0.016413,            0.015203,           0.0073105,           0.0073105,           0.0073105
                 165,            0.018881,            0.013554,           0.0012363,             0.73042,               0.694,             0.68592,             0.48397,            0.031425,            0.016457,            0.014192,            0.007294,            0.007294,            0.007294
                 166,            0.018735,            0.014013,           0.0014172,             0.72286,              0.6511,             0.69453,             0.49948,            0.031378,            0.016572,            0.017155,           0.0072775,           0.0072775,           0.0072775
                 167,            0.018884,            0.014289,           0.0013082,             0.78325,             0.63743,             0.69675,             0.48912,            0.030926,            0.016467,            0.018431,            0.007261,            0.007261,            0.007261
                 168,            0.018074,            0.013848,           0.0013101,             0.70712,             0.67572,             0.68762,             0.48629,            0.030594,            0.016302,            0.017117,           0.0072445,           0.0072445,           0.0072445
                 169,            0.018176,            0.013869,           0.0012086,             0.76426,             0.64768,             0.72594,             0.48397,             0.03098,            0.016131,            0.012287,            0.007228,            0.007228,            0.007228
                 170,            0.018402,              0.0139,           0.0013346,             0.83969,             0.60336,             0.70601,             0.48781,            0.031832,             0.01625,            0.014672,           0.0072115,           0.0072115,           0.0072115
                 171,            0.018397,            0.014083,           0.0011118,             0.76761,             0.65855,             0.69446,             0.50265,            0.030552,            0.016757,            0.015236,            0.007195,            0.007195,            0.007195
                 172,            0.018702,            0.013659,           0.0013415,             0.80157,             0.63624,             0.70652,             0.49867,            0.030319,            0.015844,            0.017179,           0.0071785,           0.0071785,           0.0071785
                 173,            0.018064,            0.013831,           0.0012559,             0.73446,             0.67902,             0.73174,             0.50823,            0.031258,             0.01659,            0.017401,            0.007162,            0.007162,            0.007162
                 174,            0.018739,            0.013893,           0.0012661,             0.70493,             0.67873,             0.67895,             0.49034,            0.031364,            0.016725,            0.020705,           0.0071455,           0.0071455,           0.0071455
                 175,            0.018618,            0.014157,            0.001097,             0.66706,             0.65917,             0.69419,             0.48292,            0.031516,            0.016327,            0.020419,            0.007129,            0.007129,            0.007129
                 176,            0.018065,            0.013615,           0.0013005,             0.81015,             0.63069,             0.71168,             0.49613,            0.030971,            0.017467,            0.015488,           0.0071125,           0.0071125,           0.0071125
                 177,            0.018502,            0.013678,            0.001149,             0.75639,             0.65585,             0.71564,              0.5203,            0.030986,            0.016955,            0.016888,            0.007096,            0.007096,            0.007096
                 178,            0.018065,            0.013686,           0.0012241,             0.68184,             0.73953,             0.71722,             0.51454,            0.031649,            0.016799,            0.016196,           0.0070795,           0.0070795,           0.0070795
                 179,            0.017867,            0.013245,           0.0010454,             0.74361,             0.68564,             0.72324,             0.49944,            0.030674,            0.016596,            0.016235,            0.007063,            0.007063,            0.007063
                 180,            0.017882,            0.013555,           0.0011397,             0.82965,             0.61568,             0.71214,             0.52004,            0.032066,            0.016147,            0.016053,           0.0070465,           0.0070465,           0.0070465
                 181,            0.018263,            0.013956,           0.0011799,             0.70328,             0.70324,             0.73129,             0.51086,            0.031028,            0.016081,            0.012554,             0.00703,             0.00703,             0.00703
                 182,            0.018497,            0.013755,            0.001162,             0.71697,             0.67194,             0.71851,             0.49936,            0.030581,            0.017284,            0.014504,           0.0070135,           0.0070135,           0.0070135
                 183,            0.017792,            0.013839,           0.0011974,             0.71952,             0.70421,             0.73027,             0.50863,            0.030382,            0.016622,            0.013479,            0.006997,            0.006997,            0.006997
                 184,            0.017721,            0.013489,           0.0010846,             0.76114,             0.68233,             0.69925,             0.48038,            0.031396,            0.017577,            0.013787,           0.0069805,           0.0069805,           0.0069805
                 185,            0.018596,             0.01399,           0.0012292,             0.76469,             0.62544,             0.66969,             0.48065,            0.030971,            0.017022,            0.013397,            0.006964,            0.006964,            0.006964
                 186,            0.017952,            0.013565,           0.0012633,             0.80029,             0.66008,             0.71828,             0.50149,            0.031158,            0.016814,            0.012919,           0.0069475,           0.0069475,           0.0069475
                 187,            0.017599,            0.013845,           0.0011126,             0.77109,             0.68937,             0.72675,             0.53715,            0.031187,            0.017097,            0.013105,            0.006931,            0.006931,            0.006931
                 188,            0.017627,            0.013484,          0.00094908,             0.71649,             0.71814,             0.71474,             0.51095,            0.031805,            0.017667,            0.016938,           0.0069145,           0.0069145,           0.0069145
                 189,            0.017931,            0.013211,           0.0011701,             0.76354,             0.67501,               0.707,             0.50754,            0.031939,            0.018243,            0.017258,            0.006898,            0.006898,            0.006898
                 190,            0.017896,            0.013931,           0.0012244,              0.6746,             0.67843,             0.67214,             0.47889,            0.031982,            0.017959,             0.01714,           0.0068815,           0.0068815,           0.0068815
                 191,            0.017561,            0.013386,           0.0013081,             0.81486,             0.60089,              0.6704,             0.49058,             0.03135,            0.017668,            0.013738,            0.006865,            0.006865,            0.006865
                 192,            0.018078,            0.014046,           0.0011896,             0.66094,             0.69561,             0.68356,               0.486,            0.031802,            0.016738,            0.014887,           0.0068485,           0.0068485,           0.0068485
                 193,            0.017934,            0.013535,           0.0012184,             0.71244,             0.65301,             0.67011,              0.4837,            0.031229,            0.017157,            0.015418,            0.006832,            0.006832,            0.006832
                 194,             0.01819,            0.013441,           0.0011634,             0.75758,             0.70266,             0.72276,              0.5153,            0.030813,            0.017662,            0.017384,           0.0068155,           0.0068155,           0.0068155
                 195,             0.01796,            0.013556,          0.00097002,             0.73274,             0.68813,             0.72136,              0.5139,            0.030967,             0.01725,             0.01573,            0.006799,            0.006799,            0.006799
                 196,             0.01769,            0.013106,           0.0011386,             0.83443,             0.66057,             0.71799,             0.50984,            0.031776,            0.017678,            0.014685,           0.0067825,           0.0067825,           0.0067825
                 197,            0.018096,            0.013385,           0.0010113,             0.79281,             0.65965,             0.72176,             0.49402,            0.030982,            0.017148,            0.013942,            0.006766,            0.006766,            0.006766
                 198,            0.017711,            0.013191,             0.00117,             0.70496,             0.73321,             0.72464,             0.51357,            0.030908,             0.01664,            0.012991,           0.0067495,           0.0067495,           0.0067495
                 199,            0.017606,             0.01296,           0.0011755,             0.73875,             0.67645,             0.71203,             0.51706,            0.031561,            0.016852,            0.015867,            0.006733,            0.006733,            0.006733
                 200,            0.017469,             0.01321,           0.0010029,             0.76694,             0.66715,             0.70773,             0.50511,             0.03176,            0.016562,            0.014453,           0.0067165,           0.0067165,           0.0067165
                 201,            0.017763,            0.013059,           0.0010767,             0.70366,             0.66176,             0.68327,             0.49462,            0.031708,            0.016995,            0.013352,              0.0067,              0.0067,              0.0067
                 202,            0.017254,            0.013276,           0.0012763,             0.80318,             0.60252,              0.6726,             0.47945,            0.031681,            0.017211,            0.010219,           0.0066835,           0.0066835,           0.0066835
                 203,            0.017522,            0.013011,           0.0010413,             0.69931,             0.64245,              0.6649,             0.48144,            0.030558,            0.017225,            0.010993,            0.006667,            0.006667,            0.006667
                 204,            0.017291,            0.012897,           0.0011324,             0.69406,             0.63357,             0.64169,             0.45567,            0.031117,            0.017576,             0.01494,           0.0066505,           0.0066505,           0.0066505
                 205,            0.017538,            0.013355,          0.00095857,              0.7306,             0.65201,             0.67396,             0.47965,            0.031192,            0.017471,            0.013539,            0.006634,            0.006634,            0.006634
                 206,            0.017575,             0.01339,           0.0009432,              0.7933,             0.62107,             0.66552,             0.46981,            0.030727,            0.017729,            0.011513,           0.0066175,           0.0066175,           0.0066175
                 207,            0.017113,            0.013319,          0.00088932,             0.74383,             0.64764,             0.68626,             0.47399,            0.030487,            0.017098,            0.010811,            0.006601,            0.006601,            0.006601
                 208,             0.01784,            0.013674,           0.0010365,             0.72918,             0.67285,             0.67418,             0.45187,            0.030724,            0.017629,             0.01412,           0.0065845,           0.0065845,           0.0065845
                 209,            0.017396,            0.013301,           0.0010124,             0.78286,             0.67951,             0.70936,             0.51092,            0.030217,            0.017096,            0.015065,            0.006568,            0.006568,            0.006568
                 210,            0.017101,            0.013143,           0.0010611,             0.74741,             0.68201,              0.7341,             0.52316,            0.030236,            0.017095,             0.01349,           0.0065515,           0.0065515,           0.0065515
                 211,            0.017568,            0.012966,           0.0010981,             0.81146,             0.63176,             0.70096,             0.49293,            0.031272,            0.016802,            0.016179,            0.006535,            0.006535,            0.006535
                 212,            0.016932,            0.012888,           0.0012404,             0.70963,             0.67538,             0.70661,             0.50239,            0.031036,             0.01697,            0.014436,           0.0065185,           0.0065185,           0.0065185
                 213,            0.017406,            0.013081,           0.0013324,             0.72856,              0.7212,             0.71912,             0.48929,            0.030617,            0.017492,            0.014014,            0.006502,            0.006502,            0.006502
                 214,            0.017577,            0.013446,           0.0010058,             0.64389,             0.74198,             0.69511,             0.50087,            0.030781,            0.017267,             0.01236,           0.0064855,           0.0064855,           0.0064855
                 215,            0.016919,            0.013005,            0.001156,             0.76686,             0.69014,              0.7331,             0.52097,            0.030992,            0.016852,            0.011329,            0.006469,            0.006469,            0.006469
                 216,            0.017171,             0.01308,           0.0010027,             0.67875,              0.7243,             0.70911,             0.49474,            0.031808,            0.017336,            0.011959,           0.0064525,           0.0064525,           0.0064525
                 217,            0.017497,            0.013432,           0.0010822,             0.79916,              0.6652,             0.72419,             0.51141,            0.031245,            0.016836,            0.011589,            0.006436,            0.006436,            0.006436
                 218,            0.017139,            0.012563,          0.00094052,             0.83212,             0.65028,             0.72718,              0.5219,            0.031569,            0.016432,            0.011715,           0.0064195,           0.0064195,           0.0064195
                 219,            0.016821,            0.013085,          0.00084973,             0.78304,             0.63999,              0.7314,             0.52972,            0.032243,             0.01693,            0.013924,            0.006403,            0.006403,            0.006403
                 220,            0.016816,            0.012559,          0.00099865,             0.83263,             0.62244,             0.72457,             0.50224,            0.031147,            0.016729,            0.014963,           0.0063865,           0.0063865,           0.0063865
                 221,            0.016991,            0.012739,          0.00096062,             0.66185,             0.73422,             0.72441,             0.49107,            0.031366,            0.017442,            0.015099,             0.00637,             0.00637,             0.00637
                 222,             0.01719,            0.012927,           0.0011254,             0.74909,             0.71343,             0.73554,             0.49626,            0.031492,            0.017268,            0.015278,           0.0063535,           0.0063535,           0.0063535
                 223,            0.017493,             0.01306,           0.0010354,             0.83552,             0.62828,             0.75498,             0.51191,            0.031836,            0.017105,            0.012532,            0.006337,            0.006337,            0.006337
                 224,            0.017033,            0.012585,           0.0010212,             0.71597,             0.72232,             0.75624,             0.50966,            0.030948,             0.01678,            0.012697,           0.0063205,           0.0063205,           0.0063205
                 225,             0.01658,            0.012848,           0.0009264,             0.79438,              0.6725,             0.75417,             0.52153,             0.03107,            0.017644,            0.013068,            0.006304,            0.006304,            0.006304
                 226,             0.01673,            0.012939,          0.00084278,              0.7341,             0.67323,             0.71796,             0.51145,            0.030309,             0.01779,             0.01513,           0.0062875,           0.0062875,           0.0062875
                 227,            0.017009,            0.013196,          0.00084938,             0.76545,             0.63988,             0.71631,             0.50349,            0.030836,            0.017331,            0.014862,            0.006271,            0.006271,            0.006271
                 228,            0.016549,            0.012601,          0.00094724,             0.66894,             0.70384,              0.6971,             0.47335,            0.030678,            0.017525,            0.014343,           0.0062545,           0.0062545,           0.0062545
                 229,            0.017141,            0.012422,          0.00091862,             0.77658,             0.64372,             0.69661,             0.48069,            0.031049,            0.017995,            0.013091,            0.006238,            0.006238,            0.006238
                 230,            0.017027,            0.012451,          0.00095872,             0.91276,             0.63344,             0.72916,             0.51017,            0.030976,            0.017432,            0.012854,           0.0062215,           0.0062215,           0.0062215
                 231,            0.016546,            0.013023,          0.00091273,             0.70914,             0.72199,             0.72088,             0.51179,            0.031435,            0.017075,            0.014311,            0.006205,            0.006205,            0.006205
                 232,            0.016718,            0.012859,           0.0010057,             0.77211,             0.64361,             0.68674,             0.47511,            0.032033,            0.017228,            0.013273,           0.0061885,           0.0061885,           0.0061885
                 233,            0.016705,            0.012699,          0.00077103,             0.74293,             0.66785,             0.69077,             0.48993,            0.031544,            0.017633,            0.012456,            0.006172,            0.006172,            0.006172
                 234,            0.016899,            0.012758,           0.0009001,             0.75411,             0.68276,              0.6866,             0.47728,            0.032007,            0.017778,            0.012227,           0.0061555,           0.0061555,           0.0061555
                 235,            0.016591,            0.012431,          0.00093099,             0.72307,             0.69454,             0.69555,             0.46531,            0.032059,            0.017675,            0.012705,            0.006139,            0.006139,            0.006139
                 236,             0.01667,             0.01254,          0.00098117,             0.79781,             0.65588,             0.69601,             0.46203,             0.03174,            0.017586,            0.016007,           0.0061225,           0.0061225,           0.0061225
                 237,            0.016403,            0.012398,          0.00088759,             0.84601,             0.63555,             0.68428,              0.4677,            0.031281,            0.017412,            0.015475,            0.006106,            0.006106,            0.006106
                 238,            0.016349,            0.012336,           0.0010908,             0.77338,             0.61671,             0.69058,             0.47301,             0.03186,            0.017883,            0.015343,           0.0060895,           0.0060895,           0.0060895
                 239,             0.01695,            0.012924,          0.00091478,             0.82238,             0.60947,             0.70812,             0.49286,            0.031652,            0.017697,            0.014524,            0.006073,            0.006073,            0.006073
                 240,            0.016476,             0.01285,          0.00081317,             0.76247,             0.65111,             0.70394,             0.49326,            0.031908,            0.017417,            0.016054,           0.0060565,           0.0060565,           0.0060565
                 241,            0.016179,            0.011921,          0.00087048,             0.71274,             0.66519,             0.70067,             0.48057,            0.032021,            0.017568,            0.016215,             0.00604,             0.00604,             0.00604
                 242,            0.016568,            0.012568,          0.00080863,             0.82695,             0.64172,             0.71433,             0.48188,            0.032264,            0.017041,            0.015906,           0.0060235,           0.0060235,           0.0060235
                 243,            0.016431,             0.01187,          0.00082961,             0.68781,             0.73111,             0.73539,             0.50568,            0.031549,            0.017569,            0.015533,            0.006007,            0.006007,            0.006007
                 244,            0.016284,            0.012604,          0.00092351,             0.79336,             0.67051,             0.71526,             0.48551,             0.03198,            0.017423,            0.016881,           0.0059905,           0.0059905,           0.0059905
                 245,            0.016655,            0.012922,          0.00088994,             0.82472,             0.62949,             0.72487,             0.49535,            0.032043,            0.017425,            0.015279,            0.005974,            0.005974,            0.005974
                 246,            0.016447,            0.012485,          0.00099443,             0.65861,             0.76754,             0.73046,             0.52475,            0.030916,              0.0175,            0.014116,           0.0059575,           0.0059575,           0.0059575
                 247,             0.01666,            0.012856,          0.00091647,             0.71121,             0.70055,             0.73923,             0.48215,            0.031395,            0.017364,            0.016036,            0.005941,            0.005941,            0.005941
                 248,            0.015966,            0.012551,          0.00095964,             0.85864,             0.62995,             0.72057,             0.49844,            0.031454,            0.017501,            0.014274,           0.0059245,           0.0059245,           0.0059245
                 249,            0.016941,            0.012695,           0.0010653,             0.76937,              0.6581,             0.70492,             0.48232,            0.031877,            0.017616,            0.012638,            0.005908,            0.005908,            0.005908
                 250,            0.016174,            0.012513,          0.00097134,             0.69887,             0.73452,             0.71744,             0.50967,            0.032224,            0.017506,            0.013007,           0.0058915,           0.0058915,           0.0058915
                 251,            0.016103,            0.012756,          0.00091755,              0.8429,             0.64312,             0.70764,             0.50111,            0.031878,            0.017451,            0.013613,            0.005875,            0.005875,            0.005875
                 252,            0.015995,            0.012078,          0.00087272,              0.8022,              0.6451,             0.73193,             0.50648,            0.031668,            0.017086,            0.013284,           0.0058585,           0.0058585,           0.0058585
                 253,            0.016539,              0.0124,          0.00081782,             0.82157,             0.65983,             0.72118,              0.4891,            0.032157,             0.01746,            0.013932,            0.005842,            0.005842,            0.005842
                 254,            0.016292,            0.011846,          0.00075019,             0.79933,             0.67303,             0.71513,             0.48959,            0.032322,            0.017859,            0.014365,           0.0058255,           0.0058255,           0.0058255
                 255,            0.016626,             0.01243,          0.00084138,             0.86766,             0.60261,             0.70628,             0.47933,            0.031391,             0.01743,            0.013299,            0.005809,            0.005809,            0.005809
                 256,            0.016219,            0.011934,          0.00084135,             0.83779,             0.60492,             0.69434,              0.4773,            0.031558,            0.017342,            0.014799,           0.0057925,           0.0057925,           0.0057925
                 257,            0.016194,            0.012213,          0.00089706,             0.72875,             0.68273,             0.70016,             0.48924,            0.031974,            0.017669,            0.014601,            0.005776,            0.005776,            0.005776
                 258,            0.016172,            0.012274,           0.0008524,             0.77761,             0.66424,             0.70576,              0.4918,            0.031573,            0.017695,            0.014168,           0.0057595,           0.0057595,           0.0057595
                 259,            0.016098,            0.012408,          0.00085846,              0.7664,             0.65502,             0.69907,             0.50332,            0.031564,            0.017835,            0.015227,            0.005743,            0.005743,            0.005743
                 260,             0.01603,            0.012161,          0.00095265,             0.77542,             0.66082,             0.70104,             0.49051,            0.031274,            0.017361,             0.01401,           0.0057265,           0.0057265,           0.0057265
                 261,            0.016186,            0.012201,          0.00067187,             0.79811,             0.69088,             0.71294,             0.50449,            0.031126,             0.01743,            0.016164,             0.00571,             0.00571,             0.00571
                 262,            0.016575,            0.012352,           0.0010694,             0.78524,             0.62013,             0.68139,             0.47502,            0.031837,            0.017603,            0.018719,           0.0056935,           0.0056935,           0.0056935
                 263,            0.016011,            0.012617,          0.00086667,             0.74348,              0.6294,             0.69188,              0.4889,            0.032146,            0.017285,            0.018845,            0.005677,            0.005677,            0.005677
                 264,            0.016148,            0.012281,          0.00089101,             0.82294,             0.61769,             0.68077,             0.48583,            0.031725,             0.01727,            0.016204,           0.0056605,           0.0056605,           0.0056605
                 265,            0.016076,            0.012102,          0.00090021,             0.73748,             0.65922,             0.67078,             0.47473,            0.032015,            0.017294,            0.015157,            0.005644,            0.005644,            0.005644
                 266,            0.016251,              0.0122,          0.00092926,             0.79434,             0.62767,             0.71323,             0.51178,            0.031675,            0.017302,            0.015783,           0.0056275,           0.0056275,           0.0056275
                 267,            0.016016,            0.011842,          0.00070678,              0.7757,             0.63544,             0.72141,             0.50362,            0.031648,             0.01738,            0.017048,            0.005611,            0.005611,            0.005611
                 268,            0.015798,            0.011889,          0.00081631,             0.78933,             0.64298,              0.6831,             0.49114,            0.031883,            0.017017,            0.018407,           0.0055945,           0.0055945,           0.0055945
                 269,            0.015964,             0.01217,          0.00092199,             0.68836,              0.7096,             0.68153,              0.4806,            0.031384,            0.017095,            0.015706,            0.005578,            0.005578,            0.005578
                 270,             0.01587,            0.012083,          0.00079733,             0.79184,             0.63857,             0.69256,             0.47885,            0.031068,            0.017541,            0.013616,           0.0055615,           0.0055615,           0.0055615
                 271,            0.016218,            0.012342,          0.00072202,             0.85723,             0.61999,             0.70088,             0.49869,            0.031012,            0.017108,            0.012029,            0.005545,            0.005545,            0.005545
                 272,            0.015518,            0.012029,          0.00077379,             0.85887,             0.63019,             0.69112,             0.50162,            0.031254,            0.017286,            0.012944,           0.0055285,           0.0055285,           0.0055285
                 273,            0.015806,            0.012361,          0.00087932,             0.74467,             0.67869,             0.67004,             0.47126,            0.031534,            0.018101,            0.015123,            0.005512,            0.005512,            0.005512
                 274,            0.015754,             0.01206,          0.00081082,             0.80312,             0.63819,             0.67976,             0.48549,            0.031591,            0.018173,            0.014332,           0.0054955,           0.0054955,           0.0054955
                 275,            0.015497,            0.012308,          0.00077964,             0.85948,             0.61569,             0.68717,             0.49248,            0.031432,            0.017582,            0.015321,            0.005479,            0.005479,            0.005479
                 276,            0.015633,            0.012047,          0.00085504,             0.82573,             0.63826,             0.66723,             0.48613,             0.03177,            0.017764,            0.014921,           0.0054625,           0.0054625,           0.0054625
                 277,            0.016106,            0.012044,          0.00089375,             0.85437,               0.653,             0.70022,             0.50668,            0.032091,            0.018047,            0.013681,            0.005446,            0.005446,            0.005446
                 278,            0.015425,            0.011909,          0.00096776,             0.76686,             0.67895,             0.70456,              0.5021,            0.031197,            0.018106,            0.014671,           0.0054295,           0.0054295,           0.0054295
                 279,            0.015508,            0.012094,          0.00070043,              0.8148,             0.67348,             0.71432,             0.50135,            0.031035,            0.017686,            0.018569,            0.005413,            0.005413,            0.005413
                 280,             0.01567,            0.012367,          0.00071952,             0.67153,             0.71373,             0.71121,             0.50111,            0.030598,            0.017565,            0.018701,           0.0053965,           0.0053965,           0.0053965
                 281,            0.015945,            0.012186,          0.00080682,             0.79226,             0.68074,             0.71218,             0.50731,            0.030457,            0.017503,            0.018814,             0.00538,             0.00538,             0.00538
                 282,            0.015848,            0.012153,          0.00074525,             0.78661,             0.69695,               0.731,             0.52855,            0.031356,            0.017302,            0.018639,           0.0053635,           0.0053635,           0.0053635
                 283,            0.015267,            0.011862,          0.00070996,             0.84976,             0.61257,             0.69799,             0.50693,            0.031151,            0.017065,            0.018136,            0.005347,            0.005347,            0.005347
                 284,            0.015382,            0.012236,          0.00070024,               0.783,             0.67117,             0.69302,             0.49789,            0.030879,            0.017315,             0.01686,           0.0053305,           0.0053305,           0.0053305
                 285,            0.015359,            0.011679,          0.00079952,             0.78709,             0.68679,             0.71183,              0.5107,             0.03117,            0.017535,            0.016063,            0.005314,            0.005314,            0.005314
                 286,            0.015244,            0.012051,          0.00065046,             0.80202,             0.64704,             0.70502,             0.50989,            0.031544,            0.017445,            0.015704,           0.0052975,           0.0052975,           0.0052975
                 287,            0.015577,            0.012058,          0.00074791,             0.79955,             0.63038,             0.69619,             0.50394,            0.031023,            0.017851,            0.016275,            0.005281,            0.005281,            0.005281
